product_id,title,description,category,url,price,image,sizes,colors,styles,variants_images,invalid_columns
foreign-rovalf-outfit,FOREIGN ROVALF OUTFIT,,Men/Unisex,https://foreignfortune.com//collections/men-unisex/products/foreign-rovalf-outfit,$150.00,https://foreignfortune.com/cdn/shop/products/image9_300x300.jpeg?v=1527544621,"['xs', 's', 'm', 'l', 'xl', '2x', '3x', '4x', '5x']","['black', 'purple', 'figi blue', 'tiffany blue', 'white', 'red', 'lime green']",[],"['https://foreignfortune.com/cdn/shop/products/image9_110x110@2x.jpeg?v=1527544621', 'https://foreignfortune.com/cdn/shop/products/image6_1_110x110@2x.jpeg?v=1527544621', 'https://foreignfortune.com/cdn/shop/products/image3_4_110x110@2x.jpeg?v=1527544621', 'https://foreignfortune.com/cdn/shop/products/image9_1_110x110@2x.jpeg?v=1527544621', 'https://foreignfortune.com/cdn/shop/products/image12_1_110x110@2x.jpeg?v=1527549442']",['description']
foreign-language-hoodie,Foreign Language Hoodie,,Men/Unisex,https://foreignfortune.com//collections/men-unisex/products/foreign-language-hoodie,$80.00,https://foreignfortune.com/cdn/shop/products/7B0CBCD1-63F5-4CFE-B6C0-416BD25E5931_300x300.jpg?v=1618352259,"['S', 'M', 'L', 'XL', '2X', '3X', '4X']","['Red', 'Black', 'Olive Green', 'Royal', 'Off-White']",[],"['https://foreignfortune.com/cdn/shop/products/7B0CBCD1-63F5-4CFE-B6C0-416BD25E5931_110x110@2x.jpg?v=1618352259', 'https://foreignfortune.com/cdn/shop/products/3726CAB1-8C24-4314-9ED0-2807A420761E_110x110@2x.jpg?v=1618352259', 'https://foreignfortune.com/cdn/shop/products/4C6FD742-1965-4437-B888-124DF7E8A30D_110x110@2x.jpg?v=1618352256', 'https://foreignfortune.com/cdn/shop/products/873B302A-2EC6-479B-8AEA-1FF41D214B01_110x110@2x.jpg?v=1618352256', 'https://foreignfortune.com/cdn/shop/products/CC989838-57EF-4D1A-BFB4-58E68A96360E_110x110@2x.jpg?v=1618352256', 'https://foreignfortune.com/cdn/shop/products/683AD657-1693-4A42-9397-0BCFB6163C78_110x110@2x.jpg?v=1618352256', 'https://foreignfortune.com/cdn/shop/products/2384EE52-1290-484C-AAE4-8A1488E3DFA4_110x110@2x.jpg?v=1618868922']",['description']
detroit-foreign-everybody-tees,Detroit Foreign Everybody Logo Tees,,Men/Unisex,https://foreignfortune.com//collections/men-unisex/products/detroit-foreign-everybody-tees,$25.00,https://foreignfortune.com/cdn/shop/products/0AFBB017-1B34-4184-B196-16841341288F_300x300.jpg?v=1583371728,"['XS', 'S', 'M', 'L', 'XL', '2X', '3X']","['Black/White', 'White/Black']",[],"['https://foreignfortune.com/cdn/shop/products/0AFBB017-1B34-4184-B196-16841341288F_110x110@2x.jpg?v=1583371728', 'https://foreignfortune.com/cdn/shop/products/84AE843F-CFE6-450A-80A5-AFE9D5816539_110x110@2x.jpg?v=1583371728']",['description']
long-socks-muti-color,Long Socks (Muti Color),,Men/Unisex,https://foreignfortune.com//collections/men-unisex/products/long-socks-muti-color,$15.00,https://foreignfortune.com/cdn/shop/products/8DBC22E8-D42A-4BB1-9090-896E959DB318_300x300.jpg?v=1605275529,"['5-6', '7-8', '9-10', '11-12']","['Black/white', 'white/black', 'black/red', 'black/royal', 'black/lime', 'black/pink', 'black/orange', 'white/red']",[],"['https://foreignfortune.com/cdn/shop/products/8DBC22E8-D42A-4BB1-9090-896E959DB318_110x110@2x.jpg?v=1605275529', 'https://foreignfortune.com/cdn/shop/products/53E98551-EEFA-4FF8-A358-8F62578CD6B0_110x110@2x.jpg?v=1605275529', 'https://foreignfortune.com/cdn/shop/products/9B7BF7EF-87F7-4B8C-A72E-246913BCD5DC_110x110@2x.jpg?v=1605275529', 'https://foreignfortune.com/cdn/shop/products/5DCF7C21-9D18-489C-9EE0-5E8ED70C43D6_110x110@2x.jpg?v=1605275530', 'https://foreignfortune.com/cdn/shop/products/CCF92AA3-A89D-4F34-A140-35B9D41F4D9B_110x110@2x.jpg?v=1605275530', 'https://foreignfortune.com/cdn/shop/products/6BF174BE-5115-4F4E-A17A-46B44F696FCC_110x110@2x.jpg?v=1605275530', 'https://foreignfortune.com/cdn/shop/products/A258A385-01E8-430F-919E-7AC71EC553F2_110x110@2x.jpg?v=1605275530', 'https://foreignfortune.com/cdn/shop/products/430EE689-61FB-400E-ABE9-D5CDFF06D79D_110x110@2x.jpg?v=1605275530']",['description']
long-foreign-socks,Long foreign Socks,,Men/Unisex,https://foreignfortune.com//collections/men-unisex/products/long-foreign-socks,$10.00,https://foreignfortune.com/cdn/shop/products/55CB547B-7C43-4B13-BC3F-31E0D2FAE942_300x300.jpg?v=1605274869,"['5', '6', '7', '8', '9', '10', '11', '12']","['White/black', 'black/white', 'white/red', 'white/pink', 'white/royal', 'black/yellow', 'black/red']",[],"['https://foreignfortune.com/cdn/shop/products/55CB547B-7C43-4B13-BC3F-31E0D2FAE942_110x110@2x.jpg?v=1605274869', 'https://foreignfortune.com/cdn/shop/products/25287393-D6CA-4850-AD21-7EB1959B0B52_110x110@2x.jpg?v=1605274869', 'https://foreignfortune.com/cdn/shop/products/76818FD5-4934-4365-B982-362A5A84A4E7_110x110@2x.jpg?v=1605274869', 'https://foreignfortune.com/cdn/shop/products/C41A880B-D43F-4544-B96E-C978C2C9A45E_110x110@2x.jpg?v=1605274869', 'https://foreignfortune.com/cdn/shop/products/491BFDAD-D823-43F5-A75A-B590346B2F66_110x110@2x.jpg?v=1605274869', 'https://foreignfortune.com/cdn/shop/products/E89D9CD2-541A-40D6-8A30-86D1B23CC3DF_110x110@2x.jpg?v=1605274869', 'https://foreignfortune.com/cdn/shop/products/28F11BFE-9520-41C6-BEAA-BB56C52030C8_110x110@2x.jpg?v=1605274869', 'https://foreignfortune.com/cdn/shop/products/28BE0D25-11C2-4C89-A10C-EB479D92220B_110x110@2x.jpg?v=1605275883', 'https://foreignfortune.com/cdn/shop/products/D370A61D-D582-471E-B32F-EB49ED887975_110x110@2x.jpg?v=1605275883']",['description']
foreign-velour-outfits,Foreign Velour Outfits,,Men/Unisex,https://foreignfortune.com//collections/men-unisex/products/foreign-velour-outfits,$180.00,https://foreignfortune.com/cdn/shop/products/CEB46EA6-8B5B-46DD-9CF7-A8F6CA703B9C_300x300.jpg?v=1604799989,"['S', 'M', 'L', 'XL', '2X', '3X', '4X']",['Black'],[],"['https://foreignfortune.com/cdn/shop/products/CEB46EA6-8B5B-46DD-9CF7-A8F6CA703B9C_110x110@2x.jpg?v=1604799989', 'https://foreignfortune.com/cdn/shop/products/50078F2B-2E0C-4BF9-81A9-EF05AE0C2C7C_110x110@2x.jpg?v=1604799989', 'https://foreignfortune.com/cdn/shop/products/811EF575-F5F1-475F-8973-C1EAEDF8BAEF_110x110@2x.jpg?v=1604799989']",['description']
foreign-fortune-two-piece-yoga-set,Foreign Fortune Two Piece Yoga Set,,Women,https://foreignfortune.com//collections/women/products/foreign-fortune-two-piece-yoga-set,$60.00,https://foreignfortune.com/cdn/shop/products/CC04C5E3-584B-4D04-822D-75B145BCB89E_300x300.jpg?v=1616801204,"['S', 'M', 'L', 'XL']","['Peach', 'Orange', 'Yellow', 'Black', 'Purple', 'Blue', 'Pink', 'Red', 'Lime Green']",[],"['https://foreignfortune.com/cdn/shop/products/CC04C5E3-584B-4D04-822D-75B145BCB89E_110x110@2x.jpg?v=1616801204', 'https://foreignfortune.com/cdn/shop/products/34664F07-FBBA-4501-890A-02DECAEAB25C_110x110@2x.jpg?v=1626013365', 'https://foreignfortune.com/cdn/shop/products/481FE138-03E7-4CDC-9950-C9B9CF4FB89B_110x110@2x.jpg?v=1626013365', 'https://foreignfortune.com/cdn/shop/products/1F7FA5B3-AC2E-4580-AF0C-AADDD9FF6A28_110x110@2x.jpg?v=1626013361', 'https://foreignfortune.com/cdn/shop/products/D810A13E-FC72-441B-B1E0-7E226A70D0C0_110x110@2x.jpg?v=1626013361', 'https://foreignfortune.com/cdn/shop/products/3455FDDA-04AA-4A43-96F5-FA5D2DE810C3_110x110@2x.jpg?v=1626013361', 'https://foreignfortune.com/cdn/shop/products/09D1DBA9-79BB-44EB-B92A-2A0538E73A1A_110x110@2x.jpg?v=1626013361', 'https://foreignfortune.com/cdn/shop/products/42AB3A58-1905-4039-A02B-399C669E7F78_110x110@2x.jpg?v=1626013361', 'https://foreignfortune.com/cdn/shop/products/DD44CE51-B36D-49C3-B49F-2410F763F062_110x110@2x.jpg?v=1626013361']",['description']
foreign-fortune-lipgloss,Foreign Fortune Lipgloss,,Women,https://foreignfortune.com//collections/women/products/foreign-fortune-lipgloss,$10.00,https://foreignfortune.com/cdn/shop/products/A1B98520-D7CD-4FD9-954F-F54FDB73B6AA_300x300.jpeg?v=1546376720,[],"['Clear', 'Clear w/glitter']",[],[],"['description', 'colors and variants_images']"
foreign-fortune-bodysuit,Foreign Fortune BodySuit,,Women,https://foreignfortune.com//collections/women/products/foreign-fortune-bodysuit,$60.00,https://foreignfortune.com/cdn/shop/products/174124B0-0D15-429C-B811-25E372100117_300x300.jpg?v=1616801029,"['S', 'M', 'L', 'XL']","['Pink', 'Tiffany Blue', 'Lime Green', 'Black', 'Yellow']",[],"['https://foreignfortune.com/cdn/shop/products/174124B0-0D15-429C-B811-25E372100117_110x110@2x.jpg?v=1616801029', 'https://foreignfortune.com/cdn/shop/products/9AB403F1-0212-411A-A438-0453CF276AA1_110x110@2x.jpg?v=1616801029', 'https://foreignfortune.com/cdn/shop/products/E97DDF6B-E3E0-4546-A56E-8308EB7FE713_110x110@2x.jpg?v=1616801029', 'https://foreignfortune.com/cdn/shop/products/694B583C-98CC-45E5-9FF3-1234B0BFA067_110x110@2x.jpg?v=1616801029', 'https://foreignfortune.com/cdn/shop/products/1E1B776F-3CB0-49CF-854A-0674349DD8DF_110x110@2x.jpg?v=1618000457', 'https://foreignfortune.com/cdn/shop/products/75B2B21E-1142-4374-8E6E-61EB3216F718_110x110@2x.jpg?v=1618000568']",['description']
foreign-rovalf-bodysuit,Foreign Rovalf Bodysuit,,Women,https://foreignfortune.com//collections/women/products/foreign-rovalf-bodysuit,$60.00,https://foreignfortune.com/cdn/shop/products/E8D64F78-B420-41C6-B523-D9E2AD6E7802_300x300.jpg?v=1596592146,"['S', 'M', 'L', 'XL']","['Red/Yellow-Blue/Yellow', 'Blue/Yellow-Yellow/Purple', 'Blue/Peach-Purple/Orange', 'Blue/Lime Green-Turquoise/Pink', 'Lime Green/Yellow-Yellow/Pink']",[],"['https://foreignfortune.com/cdn/shop/products/E8D64F78-B420-41C6-B523-D9E2AD6E7802_110x110@2x.jpg?v=1596592146', 'https://foreignfortune.com/cdn/shop/products/C859432B-1E80-46A9-A74E-D480D3A54072_110x110@2x.jpg?v=1596592147', 'https://foreignfortune.com/cdn/shop/products/8F0D42A7-A4F6-4F37-9D28-F0F72EAC485E_110x110@2x.jpg?v=1596592147', 'https://foreignfortune.com/cdn/shop/products/EF76CAF6-E3D0-44B4-8AB6-933E78448AC9_110x110@2x.jpg?v=1596592147', 'https://foreignfortune.com/cdn/shop/products/DED515C7-507C-4999-9B61-FFF612F0C30C_110x110@2x.jpg?v=1596592147', 'https://foreignfortune.com/cdn/shop/products/FDEF8294-AED0-4D72-A642-3AA5396E8F41_110x110@2x.jpg?v=1596592918', 'https://foreignfortune.com/cdn/shop/products/3753EBA3-5372-4743-9DC2-B82ADB8F74E3_110x110@2x.jpg?v=1596594407']",['description']
foreign-fortune-swimsuits,Foreign Fortune Swimsuits,,Women,https://foreignfortune.com//collections/women/products/foreign-fortune-swimsuits,$40.00,https://foreignfortune.com/cdn/shop/products/06319FD1-CA34-40F4-BBE1-6157F9FB210B_300x300.jpg?v=1626913943,"['S', 'M', 'L']","['Blue', 'Black', 'Red', 'Pink', 'Yellow']",[],[],"['description', 'colors and variants_images']"
kids-tracksuit,Kids Tracksuit,,Infant/Kid,https://foreignfortune.com//collections/kids/products/kids-tracksuit,$60.00,https://foreignfortune.com/cdn/shop/products/A9101472-221D-4582-BA0A-627EB8D3C094_300x300.jpeg?v=1558932047,"['2/3T', '4/5T', '6/7', '8/9', '10/11', '12/13', '14/15']","['Black/White', 'Red/White', 'Navy/White', 'Yellow/White', 'Orange/White', 'Pink/White']",[],"['https://foreignfortune.com/cdn/shop/products/A9101472-221D-4582-BA0A-627EB8D3C094_110x110@2x.jpeg?v=1558932047', 'https://foreignfortune.com/cdn/shop/products/9F12A1FE-08FE-40B3-9C3E-8527454F9D7E_110x110@2x.jpeg?v=1558932053', 'https://foreignfortune.com/cdn/shop/products/A6DFC4CD-AADC-4113-98DD-F75BB73E5285_110x110@2x.jpeg?v=1558932058', 'https://foreignfortune.com/cdn/shop/products/932AEC74-4AEE-40C1-B7E0-3F505459A005_110x110@2x.jpeg?v=1558932062']",['description']
foreign-fortune-ski-mask,Foreign Fortune Ski Mask,,Coats/Hats,https://foreignfortune.com//collections/coats-hats/products/foreign-fortune-ski-mask,$50.00,https://foreignfortune.com/cdn/shop/products/8CF300E2-BF14-48EA-BAF5-CC0CAB4C3CEB_300x300.jpg?v=1616802705,['One Size Fits All'],['Black'],[],"['https://foreignfortune.com/cdn/shop/products/8CF300E2-BF14-48EA-BAF5-CC0CAB4C3CEB_110x110@2x.jpg?v=1616802705', 'https://foreignfortune.com/cdn/shop/products/0DFD6895-517B-40DD-81E1-F7B2C32B3D03_110x110@2x.jpg?v=1616802705']",['description']
foreign-palm-trees-hoodie,Foreign Palm Trees Hoodie,,FOREIGN ROVALF,https://foreignfortune.com//collections/frontpage/products/foreign-palm-trees-hoodie,$200.00,https://foreignfortune.com/cdn/shop/products/E69AE6E6-C7B6-48A8-8C98-C4DD7A17EC30_300x300.jpg?v=1604842029,"['XS', 'S', 'M', 'L', 'XL', '2X', '3X', '4X', '5X']",[],[],"['https://foreignfortune.com/cdn/shop/products/E69AE6E6-C7B6-48A8-8C98-C4DD7A17EC30_110x110@2x.jpg?v=1604842029', 'https://foreignfortune.com/cdn/shop/products/556AD8C5-2E63-4255-BE61-CDBF642193AE_110x110@2x.jpg?v=1604842029']",['description']
rovalf-palm-tree-hoodies,Rovalf palm tree Hoodies,,FOREIGN ROVALF,https://foreignfortune.com//collections/frontpage/products/rovalf-palm-tree-hoodies,$200.00,https://foreignfortune.com/cdn/shop/products/8441488C-9F22-4B8F-A7BA-A9A2D5BF1C0E_300x300.jpg?v=1604842241,"['XS', 'S', 'M', 'L', 'XL', '2X', '3X', '4X', '5X']","['Purple', 'Peach']",[],"['https://foreignfortune.com/cdn/shop/products/8441488C-9F22-4B8F-A7BA-A9A2D5BF1C0E_110x110@2x.jpg?v=1604842241', 'https://foreignfortune.com/cdn/shop/products/10FAE239-AD05-46D6-AFD0-0FEB1BE6CDDB_110x110@2x.jpg?v=1604842242']",['description']
foreign-rovalf-outfits-1,Foreign Rovalf Outfits,,FOREIGN ROVALF,https://foreignfortune.com//collections/frontpage/products/foreign-rovalf-outfits-1,$250.00,https://foreignfortune.com/cdn/shop/products/46D17951-089F-4540-92FB-DE2C484AFEC5_300x300.jpg?v=1604843283,"['XS', 'S', 'M', 'L', 'XL', '2X', '3X', '4X', '5X']","['Off-White', 'Black', 'Red', 'Tiffany blue', 'Lime', 'Purple', 'Figi Blue']",[],"['https://foreignfortune.com/cdn/shop/products/46D17951-089F-4540-92FB-DE2C484AFEC5_110x110@2x.jpg?v=1604843283', 'https://foreignfortune.com/cdn/shop/products/8545BDB5-C757-4D65-9AFC-B88289365F74_110x110@2x.jpg?v=1604843283', 'https://foreignfortune.com/cdn/shop/products/FA945C90-70C2-486C-9974-8B0FCFD7EBC0_110x110@2x.jpg?v=1604843240']",['description']
never-give-up,Never Give Up,,FOREIGN ROVALF,https://foreignfortune.com//collections/frontpage/products/never-give-up,$350.00,https://foreignfortune.com/cdn/shop/products/D5BFBD98-78DB-41C6-BC51-12E5842ECAED_300x300.jpg?v=1604787062,[],[],[],"['https://foreignfortune.com/cdn/shop/products/D5BFBD98-78DB-41C6-BC51-12E5842ECAED_110x110@2x.jpg?v=1604787062', 'https://foreignfortune.com/cdn/shop/products/B013107F-702C-41B3-8E2C-19671CA6BEDF_110x110@2x.jpg?v=1604855468', 'https://foreignfortune.com/cdn/shop/products/21E57EE9-795B-4B55-867C-67843B0137C1_110x110@2x.jpg?v=1604855468', 'https://foreignfortune.com/cdn/shop/products/0650DE92-B7B6-48AA-9573-6AE2485CFDCF_110x110@2x.jpg?v=1604855468', 'https://foreignfortune.com/cdn/shop/products/14A2F5F9-923B-4C7D-B6A3-E8FA4C5C5A2F_110x110@2x.jpg?v=1604855468', 'https://foreignfortune.com/cdn/shop/products/09A2F66C-621F-49C7-AE28-D071D5D2A61B_110x110@2x.jpg?v=1604855468']",['description']
foreign-rovalf-short-sets-1,Foreign Rovalf Short Sets,,FOREIGN ROVALF,https://foreignfortune.com//collections/frontpage/products/foreign-rovalf-short-sets-1,$200.00,https://foreignfortune.com/cdn/shop/products/E6645E03-C160-4C65-84EA-8EDBCC7D00E8_300x300.jpg?v=1604843869,"['XS', 'S', 'M', 'L', 'XL', '2X', '3X', '4X', '5X']","['Off-White', 'black', 'yellow', 'Pink']",[],"['https://foreignfortune.com/cdn/shop/products/E6645E03-C160-4C65-84EA-8EDBCC7D00E8_110x110@2x.jpg?v=1604843869', 'https://foreignfortune.com/cdn/shop/products/1E67E353-A1A2-488D-988B-C5A95A5AD77C_110x110@2x.jpg?v=1604843869', 'https://foreignfortune.com/cdn/shop/products/4FDDF613-EC3E-45A0-AFFB-4A0B58604383_110x110@2x.jpg?v=1604848404', 'https://foreignfortune.com/cdn/shop/products/91B7C9CB-DD44-48BC-BC91-1AABCC6809B7_110x110@2x.jpg?v=1604848405', 'https://foreignfortune.com/cdn/shop/products/9F42DD92-E371-455B-9A9D-CFD1D9FDDE04_110x110@2x.jpg?v=1604848405', 'https://foreignfortune.com/cdn/shop/products/605090C6-730C-47D5-9CA5-2737B6BF3AF4_110x110@2x.jpg?v=1604848405']",['description']
foreign-rovalf-yacht-fit,Foreign Rovalf yacht Fit,,FOREIGN ROVALF,https://foreignfortune.com//collections/frontpage/products/foreign-rovalf-yacht-fit,$300.00,https://foreignfortune.com/cdn/shop/products/2CC0935B-AE73-4E55-943E-59362143930D_300x300.jpg?v=1604844146,"['XS', 'S', 'M', 'L', 'XL', '2X', '3X', '4X', '5X']",[],[],"['https://foreignfortune.com/cdn/shop/products/2CC0935B-AE73-4E55-943E-59362143930D_110x110@2x.jpg?v=1604844146', 'https://foreignfortune.com/cdn/shop/products/EE23CB13-9751-480F-8B42-3B3571AF2D9B_110x110@2x.jpg?v=1604844147', 'https://foreignfortune.com/cdn/shop/products/5F96E317-D2F6-4F5B-A27E-D312957F7678_110x110@2x.jpg?v=1604844147']",['description']
foreign-rovalf-chanel-gucci-outfit,Foreign Rovalf (Chanel Coogi) outfit,,FOREIGN ROVALF,https://foreignfortune.com//collections/frontpage/products/foreign-rovalf-chanel-gucci-outfit,$400.00,https://foreignfortune.com/cdn/shop/products/66B161A2-B42D-4483-AF72-D438DB3C7A6C_300x300.jpg?v=1604846170,"['XS', 'S', 'M', 'L', 'XL', '2X', '3X', '4X', '5X']",[],[],[],['description']
foreign-yak-outfit,Foreign Yak Outfit,,FOREIGN ROVALF,https://foreignfortune.com//collections/frontpage/products/foreign-yak-outfit,$250.00,https://foreignfortune.com/cdn/shop/products/A22EB8B2-6AE6-4798-ADD4-9F13793D5CC3_300x300.jpg?v=1604844380,"['XS', 'S', 'M', 'L', 'XL', '2X', '3X', '4X', '5X']",[],[],"['https://foreignfortune.com/cdn/shop/products/A22EB8B2-6AE6-4798-ADD4-9F13793D5CC3_110x110@2x.jpg?v=1604844380', 'https://foreignfortune.com/cdn/shop/products/F7BBDB65-1777-463A-8FF5-ED7EA161385E_110x110@2x.jpg?v=1604844380', 'https://foreignfortune.com/cdn/shop/products/D4BE3213-FA64-4BE5-AC1D-2D54E73228DE_110x110@2x.jpg?v=1604844381']",['description']
rovalf-self-esteem-hoodie,Rovalf self Esteem Hoodie,,FOREIGN ROVALF,https://foreignfortune.com//collections/frontpage/products/rovalf-self-esteem-hoodie,$200.00,https://foreignfortune.com/cdn/shop/products/518CE2ED-D46F-4F79-8D63-73119605009B_300x300.jpg?v=1604843518,"['Xs', 'S', 'M', 'L', 'XL', '2X', '3X', '4X', '5X']",[],[],[],['description']
foreign-rovalf-overcome-hoodie,Foreign Rovalf OverCome Hoodie,,FOREIGN ROVALF,https://foreignfortune.com//collections/frontpage/products/foreign-rovalf-overcome-hoodie,$200.00,https://foreignfortune.com/cdn/shop/products/9968F68B-24AE-4260-AD09-4A2D35AAE287_300x300.jpg?v=1604858017,"['XS', 'S', 'M', 'L', 'XL', '2X', '3X', '4X', '5X']",[],[],"['https://foreignfortune.com/cdn/shop/products/9968F68B-24AE-4260-AD09-4A2D35AAE287_110x110@2x.jpg?v=1604858017', 'https://foreignfortune.com/cdn/shop/products/B09ED8A6-FD48-406E-B8AA-8FDE8B8CC48F_110x110@2x.jpg?v=1604858017']",['description']
foreign-yeezy-hoodie,Foreign Yeezy Hoodie,,FOREIGN ROVALF,https://foreignfortune.com//collections/frontpage/products/foreign-yeezy-hoodie,$200.00,https://foreignfortune.com/cdn/shop/products/7A3C633A-D33E-47C9-9DC0-6FE463650791_300x300.jpg?v=1604845556,"['XS', 'S', 'M', 'L', 'XL', '2X', '3X', '4X', '5X']",[],[],[],['description']
the-race-hoodie,The Race Hoodie,,FOREIGN ROVALF,https://foreignfortune.com//collections/frontpage/products/the-race-hoodie,$200.00,https://foreignfortune.com/cdn/shop/products/F22AC2B3-D4A8-4F06-BDAC-6B03CF65958F_300x300.jpg?v=1604845693,"['XS', 'S', 'M', 'L', 'XL', '2X', '3X', '4X', '5X']",[],[],[],['description']
slum-babies-hoodie,Slum babies Hoodie,,FOREIGN ROVALF,https://foreignfortune.com//collections/frontpage/products/slum-babies-hoodie,$200.00,https://foreignfortune.com/cdn/shop/products/8B042D59-FDCA-469C-80A6-38640F525F16_300x300.jpg?v=1604842795,"['XS', 'S', 'M', 'L', 'XL”', '2X', '3X', '4X', '5X']",[],[],[],['description']
trap-art-tshirt,Trap Art Tshirt,,FOREIGN ROVALF,https://foreignfortune.com//collections/frontpage/products/trap-art-tshirt,$100.00,https://foreignfortune.com/cdn/shop/products/124530F4-F4CC-45A0-A5CF-D44F6E95E59C_300x300.jpg?v=1604845903,"['Xs', 'S', 'M', 'L', 'XL', '2X', '3X', '4X', '5X']",[],[],[],['description']
high-end-tshirt,High-End Tshirt,,FOREIGN ROVALF,https://foreignfortune.com//collections/frontpage/products/high-end-tshirt,$100.00,https://foreignfortune.com/cdn/shop/products/84672E01-FB40-4C20-A903-0BDEC772CA48_300x300.jpg?v=1604846010,"['XS', 'S', 'M', 'L', 'XL', '2X', '3X', '4X', '5X']",[],[],[],['description']
foreign-rovalf-trackpants,Foreign Rovalf TrackPants,,FOREIGN ROVALF,https://foreignfortune.com//collections/frontpage/products/foreign-rovalf-trackpants,$100.00,https://foreignfortune.com/cdn/shop/products/2FCF9AE3-9C13-4AAD-8EAF-D3BAD1A0DB26_300x300.jpg?v=1604844703,"['XS', 'S', 'M', 'L', 'XL', '2X', '3X', '4X', '5X']",[],[],"['https://foreignfortune.com/cdn/shop/products/2FCF9AE3-9C13-4AAD-8EAF-D3BAD1A0DB26_110x110@2x.jpg?v=1604844703', 'https://foreignfortune.com/cdn/shop/products/E4315CC2-4F85-47A7-8FA0-20C286260976_110x110@2x.jpg?v=1604844703']",['description']
foreign-chains-tshirt,Foreign Chains Tshirt,,FOREIGN ROVALF,https://foreignfortune.com//collections/frontpage/products/foreign-chains-tshirt,$80.00,https://foreignfortune.com/cdn/shop/files/IMG_9182_300x300.jpg?v=1706766618,"['XS', 'S', 'M', 'L', 'XL', '2X', '3X', '4X', '5X']",[],[],"['https://foreignfortune.com/cdn/shop/files/IMG_9182_110x110@2x.jpg?v=1706766618', 'https://foreignfortune.com/cdn/shop/products/1EEB08F6-959B-4131-AC60-2C017C748793_110x110@2x.jpg?v=1706766618', 'https://foreignfortune.com/cdn/shop/products/96E484DB-19B6-4355-8925-465DE043B944_110x110@2x.jpg?v=1706766618']",['description']
foreign-rovalf-bodysuit,Foreign Rovalf Bodysuit,,FOREIGN ROVALF,https://foreignfortune.com//collections/frontpage/products/foreign-rovalf-bodysuit,$60.00,https://foreignfortune.com/cdn/shop/products/E8D64F78-B420-41C6-B523-D9E2AD6E7802_300x300.jpg?v=1596592146,"['S', 'M', 'L', 'XL']","['Red/Yellow-Blue/Yellow', 'Blue/Yellow-Yellow/Purple', 'Blue/Peach-Purple/Orange', 'Blue/Lime Green-Turquoise/Pink', 'Lime Green/Yellow-Yellow/Pink']",[],"['https://foreignfortune.com/cdn/shop/products/E8D64F78-B420-41C6-B523-D9E2AD6E7802_110x110@2x.jpg?v=1596592146', 'https://foreignfortune.com/cdn/shop/products/C859432B-1E80-46A9-A74E-D480D3A54072_110x110@2x.jpg?v=1596592147', 'https://foreignfortune.com/cdn/shop/products/8F0D42A7-A4F6-4F37-9D28-F0F72EAC485E_110x110@2x.jpg?v=1596592147', 'https://foreignfortune.com/cdn/shop/products/EF76CAF6-E3D0-44B4-8AB6-933E78448AC9_110x110@2x.jpg?v=1596592147', 'https://foreignfortune.com/cdn/shop/products/DED515C7-507C-4999-9B61-FFF612F0C30C_110x110@2x.jpg?v=1596592147', 'https://foreignfortune.com/cdn/shop/products/FDEF8294-AED0-4D72-A642-3AA5396E8F41_110x110@2x.jpg?v=1596592918', 'https://foreignfortune.com/cdn/shop/products/3753EBA3-5372-4743-9DC2-B82ADB8F74E3_110x110@2x.jpg?v=1596594407']",['description']
3-piece-bag-set,Foreign 3 piece Bag Set,,FOREIGN ACCESSORIES,https://foreignfortune.com//collections/foreign-accesories/products/3-piece-bag-set,"$1,000.00",https://foreignfortune.com/cdn/shop/products/2CC2396B-9A7A-4EBC-A858-7A7381B47D7B_300x300.jpg?v=1605748777,[],"['Black', 'Lime']",[],"['https://foreignfortune.com/cdn/shop/products/2CC2396B-9A7A-4EBC-A858-7A7381B47D7B_110x110@2x.jpg?v=1605748777', 'https://foreignfortune.com/cdn/shop/products/1812CDB7-41E8-4BD6-BBFD-DEDAD014DF56_110x110@2x.jpg?v=1605748777', 'https://foreignfortune.com/cdn/shop/products/AE658FA1-966A-4594-9FC1-3555FA281E4D_110x110@2x.jpg?v=1605748777', 'https://foreignfortune.com/cdn/shop/products/C449D4DD-E4F6-47DD-8166-980387584F38_110x110@2x.jpg?v=1605748777']",['description']
lighter-holder-w-string,Lighter Holder w/String,,FOREIGN ACCESSORIES,https://foreignfortune.com//collections/foreign-accesories/products/lighter-holder-w-string,$10.00,https://foreignfortune.com/cdn/shop/products/75803802-BE64-41E6-A7D9-32DD8195DEB1_300x300.jpg?v=1590836774,[],[],[],"['https://foreignfortune.com/cdn/shop/products/75803802-BE64-41E6-A7D9-32DD8195DEB1_110x110@2x.jpg?v=1590836774', 'https://foreignfortune.com/cdn/shop/products/86F2823D-00A5-449B-98E9-EDE05A2DF117_110x110@2x.jpg?v=1590836774', 'https://foreignfortune.com/cdn/shop/products/F802EF12-D3AE-44BF-8EE8-324920B12613_110x110@2x.jpg?v=1590836774']",['description']
cell-phone-popper-s,Cell phone popper’s,,FOREIGN ACCESSORIES,https://foreignfortune.com//collections/foreign-accesories/products/cell-phone-popper-s,$5.00,https://foreignfortune.com/cdn/shop/products/0CF639DD-FBC3-4B8A-AC74-2DD9FF42937B_300x300.jpg?v=1605305584,[],"['Black', 'red', 'white', 'blue']",[],"['https://foreignfortune.com/cdn/shop/products/0CF639DD-FBC3-4B8A-AC74-2DD9FF42937B_110x110@2x.jpg?v=1605305584', 'https://foreignfortune.com/cdn/shop/products/8F47CC88-C405-40AF-974F-76A67E78F583_110x110@2x.jpg?v=1605305584', 'https://foreignfortune.com/cdn/shop/products/AAFE1819-DF40-4FBE-86BD-CDB2A412F96D_110x110@2x.jpg?v=1605305584', 'https://foreignfortune.com/cdn/shop/products/367E05D6-6DE3-431E-9070-11E3CA1E8156_110x110@2x.jpg?v=1605305564', 'https://foreignfortune.com/cdn/shop/products/EDF499C5-210E-4376-B24B-FC7A58C38560_110x110@2x.jpg?v=1605305564']",['description']
foreign-fortune-character-lighters,Foreign Fortune Character Lighters,,FOREIGN ACCESSORIES,https://foreignfortune.com//collections/foreign-accesories/products/foreign-fortune-character-lighters,$20.00,https://foreignfortune.com/cdn/shop/products/098C7C44-D278-45F0-82F9-EC3734C0BED0_300x300.jpg?v=1590511832,[],[],"['Simpson', 'BettyBoop', 'PJs', 'Boondocks', 'BeBe’s Kids']","['https://foreignfortune.com/cdn/shop/products/098C7C44-D278-45F0-82F9-EC3734C0BED0_110x110@2x.jpg?v=1590511832', 'https://foreignfortune.com/cdn/shop/products/1038B9C9-CF12-4163-9855-DD6260B32207_110x110@2x.jpg?v=1590511832', 'https://foreignfortune.com/cdn/shop/products/FF2CC14E-1884-4082-A223-6D84285D7EA8_110x110@2x.jpg?v=1590511832', 'https://foreignfortune.com/cdn/shop/products/0944CE5E-4A7F-4909-B007-82713E5B55E1_110x110@2x.jpg?v=1590511832', 'https://foreignfortune.com/cdn/shop/products/E21B9DF5-141F-4FF3-A1A1-A518962FF540_110x110@2x.jpg?v=1590511832', 'https://foreignfortune.com/cdn/shop/products/E974CEEC-4BF3-46A8-8615-98729DEADC20_110x110@2x.jpg?v=1590511832']",['description']
foreign-keychain,FOREIGN KEYCHAIN,,FOREIGN ACCESSORIES,https://foreignfortune.com//collections/foreign-accesories/products/foreign-keychain,$5.00,https://foreignfortune.com/cdn/shop/files/IMG_9180_e7259845-04b6-4591-a3ab-ff1c50279427_300x300.jpg?v=1706766453,[],"['COLOR', 'SILVER', 'GOLD']",[],"['https://foreignfortune.com/cdn/shop/files/IMG_9180_e7259845-04b6-4591-a3ab-ff1c50279427_110x110@2x.jpg?v=1706766453', 'https://foreignfortune.com/cdn/shop/products/image1_16_5ef852f1-1935-407f-a481-082da10f4430_110x110@2x.jpeg?v=1706766453', 'https://foreignfortune.com/cdn/shop/products/image2_17_24225571-e486-4830-bcde-a8f3096b91e3_110x110@2x.jpeg?v=1706766453', 'https://foreignfortune.com/cdn/shop/products/image3_10_7663195c-051b-4e86-85d6-e62da0f96a45_110x110@2x.jpeg?v=1706766453']",['description']
