product_id,title,description,category,url,price,image,sizes,colors,styles,variants_images
foreign-fortune-collection-joggers-1,Foreign Fortune Collection Joggers- Adult,Our Foreign Fortune Collection Joggers are great for the entire family. Very comfortable and versatile. They come in 5 different colors and can be worn during any season.,Men/Unisex,https://foreignfortune.com//collections/men-unisex/products/foreign-fortune-collection-joggers-1,$180.00,https://foreignfortune.com/cdn/shop/products/D30946DA-5D18-48D6-9890-63DC5DB36F77_300x300.jpg?v=1647614117,"['XS', 'M', 'L', 'XL', '2X', '3X', '4X', '5X']","['Black', 'Green', 'Grey', 'Navy Blue', 'Red', 'Yellow']","['Hood', 'Crewneck']","['https://foreignfortune.com/cdn/shop/products/D30946DA-5D18-48D6-9890-63DC5DB36F77_110x110@2x.jpg?v=1647614117', 'https://foreignfortune.com/cdn/shop/products/3EE2E126-721C-4DDE-A1EB-E3B355F2B674_110x110@2x.jpg?v=1647614117', 'https://foreignfortune.com/cdn/shop/products/C8134772-8681-4EF4-810A-970DCBD13F28_110x110@2x.jpg?v=1647614117', 'https://foreignfortune.com/cdn/shop/products/827B72E9-79B6-4401-AE76-29F3AFDA483F_110x110@2x.jpg?v=1647614117', 'https://foreignfortune.com/cdn/shop/products/DD1E038F-07C5-410A-A846-A50187C8929E_110x110@2x.jpg?v=1647614114', 'https://foreignfortune.com/cdn/shop/products/F2960363-A13C-427B-9E1C-9E5D79EC15D1_110x110@2x.jpg?v=1647609938']"
forign-luxury-tracksuits,Foreign Luxury Tracksuits,"Foreign luxury tracksuits are unisex tracksuits that are lightweight and great material. Great for all occasions, can be dressed up or down. For custom colors please contact us ( allow up to 14 days for processing and shipping ).",Men/Unisex,https://foreignfortune.com//collections/men-unisex/products/forign-luxury-tracksuits,$150.00,https://foreignfortune.com/cdn/shop/products/97591969-306C-407D-AA8D-5235912CE8B4_300x300.jpg?v=1632610156,"['S', 'M', 'L', 'XL', '2X']","['Black/White', 'Purple/Gray/White', 'Cream/Brown/White']",[],"['https://foreignfortune.com/cdn/shop/products/97591969-306C-407D-AA8D-5235912CE8B4_110x110@2x.jpg?v=1632610156', 'https://foreignfortune.com/cdn/shop/products/6B286520-B257-4981-BE6F-CDFC0096ED51_110x110@2x.jpg?v=1632610260', 'https://foreignfortune.com/cdn/shop/products/F9CFB33A-10A0-43AD-A67F-275BDA0C9CFE_110x110@2x.jpg?v=1632610157', 'https://foreignfortune.com/cdn/shop/products/FA202BE3-348B-41F5-A419-8E3B72ACA290_110x110@2x.jpg?v=1632610632', 'https://foreignfortune.com/cdn/shop/products/8072E01D-E6A6-4201-86D8-16AC2ABCD8B1_110x110@2x.jpg?v=1632610337', 'https://foreignfortune.com/cdn/shop/products/9C1EF8A4-8F54-4475-9BE8-8504D471CD38_110x110@2x.jpg?v=1632610337', 'https://foreignfortune.com/cdn/shop/products/0318E5F1-2C6E-470E-8598-5031E43B7007_110x110@2x.jpg?v=1632610337', 'https://foreignfortune.com/cdn/shop/products/82A03FA4-74E9-47D7-A08B-22FE54567A93_110x110@2x.jpg?v=1632610264', 'https://foreignfortune.com/cdn/shop/products/C0EA1057-1346-44CB-9B22-99D047D425BD_110x110@2x.jpg?v=1632610264', 'https://foreignfortune.com/cdn/shop/products/17C2BB64-7F15-43AA-891C-E59CF36F73F4_110x110@2x.jpg?v=1632610264', 'https://foreignfortune.com/cdn/shop/products/75B48322-EEFE-4A45-B603-2774168BDD72_110x110@2x.jpg?v=1632610264', 'https://foreignfortune.com/cdn/shop/products/55CBD4D2-B693-4059-BF9F-21C12A486770_110x110@2x.jpg?v=1632610264']"
ff-coats-w-hats,FF Coats,Our Signature FF coats are great for the winter and going into the spring season. They come in four colors and stop at mid hip length. They are versatile and unisex as well. Top off your coat with the matching hat as well.,Men/Unisex,https://foreignfortune.com//collections/men-unisex/products/ff-coats-w-hats,$200.00,https://foreignfortune.com/cdn/shop/products/8B029E09-687B-465B-9024-FA113414F524_300x300.jpg?v=1641906674,"['XS', 'M', 'L', 'XL', '2X', '3X']","['Black', 'Red', 'Cream', 'Blue']",[],"['https://foreignfortune.com/cdn/shop/products/8B029E09-687B-465B-9024-FA113414F524_110x110@2x.jpg?v=1641906674', 'https://foreignfortune.com/cdn/shop/products/F69DACED-A7E2-4EAC-8CCD-DD7E31B58FAA_110x110@2x.jpg?v=1641906674', 'https://foreignfortune.com/cdn/shop/products/527382A2-D73B-4ABA-9695-FD1EC7DC793F_110x110@2x.jpg?v=1641906674', 'https://foreignfortune.com/cdn/shop/products/1CB6F8C3-EA8C-41DB-BA0D-25D13837F0EF_110x110@2x.jpg?v=1641906674', 'https://foreignfortune.com/cdn/shop/products/42F1D6CF-8177-449E-AF94-41616CDF47D2_110x110@2x.jpg?v=1641906674']"
foreign-fortune-collection-short-sets,Foreign Fortune Collection Short Sets,"Our most popular collection now includes short sets, just in time for summer. These sets feature light cotton material with embossed font and deep pockets.",Men/Unisex,https://foreignfortune.com//collections/men-unisex/products/foreign-fortune-collection-short-sets,$150.00,https://foreignfortune.com/cdn/shop/products/A036E3D5-3EB6-453E-B0EA-79C9D1B49223_300x300.jpg?v=1657112493,"['XS', 'S', 'M', 'L', 'XL', '2X', '3X']","['Tan', 'Cream', 'White', 'Black', 'Grey']",[],"['https://foreignfortune.com/cdn/shop/products/A036E3D5-3EB6-453E-B0EA-79C9D1B49223_110x110@2x.jpg?v=1657112493', 'https://foreignfortune.com/cdn/shop/products/D66348F6-4328-4E1E-9D91-6765951864CD_110x110@2x.jpg?v=1657112494', 'https://foreignfortune.com/cdn/shop/products/82DE518A-CD1D-4B41-958C-BE28F486C3E9_110x110@2x.jpg?v=1657112493', 'https://foreignfortune.com/cdn/shop/products/9556D479-FEFC-4AC1-AB72-B71F80E2A84C_110x110@2x.jpg?v=1657112493', 'https://foreignfortune.com/cdn/shop/products/80D768BF-A02B-42FF-B57C-B1202F525C75_110x110@2x.jpg?v=1657112493']"
foreign-pattern-logo-socks,Foreign All Over Socks,Cotton knee length socks with our signature logo all over,Men/Unisex,https://foreignfortune.com//collections/men-unisex/products/foreign-pattern-logo-socks,$40.00,https://foreignfortune.com/cdn/shop/products/F037B982-936D-4B31-A152-636558A08796_300x300.jpg?v=1632659586,['One Size Fits All'],"['White/Grey', 'White/Pink', 'White/Black', 'White/Orange', 'White/Purple', 'White/Yellow', 'White/Red']",[],"['https://foreignfortune.com/cdn/shop/products/F037B982-936D-4B31-A152-636558A08796_110x110@2x.jpg?v=1632659586', 'https://foreignfortune.com/cdn/shop/products/CEE0393B-56BB-4831-8455-F748178AA4F2_110x110@2x.jpg?v=1632659602', 'https://foreignfortune.com/cdn/shop/products/30742EF2-59E4-4644-911B-B51918A29464_110x110@2x.jpg?v=1632659602', 'https://foreignfortune.com/cdn/shop/products/4A60575B-EFAF-4453-9B45-10C39219F2D4_110x110@2x.jpg?v=1632659592', 'https://foreignfortune.com/cdn/shop/products/947992F8-54CA-438D-87ED-C946EFDFBC03_110x110@2x.jpg?v=1632659592', 'https://foreignfortune.com/cdn/shop/products/F4BA465F-1E3C-4586-862D-19F9ED89A2B7_110x110@2x.jpg?v=1632659592', 'https://foreignfortune.com/cdn/shop/products/3EF15442-C063-446C-BE9B-E0BBF9188ADE_110x110@2x.jpg?v=1632659592', 'https://foreignfortune.com/cdn/shop/products/00B23709-0A20-480F-9E58-F9283EAE2263_110x110@2x.jpg?v=1632659592']"
foreign-fortune-socks-1,Foreign Fortune Socks,Cotton mid length socks with our signature logo,Men/Unisex,https://foreignfortune.com//collections/men-unisex/products/foreign-fortune-socks-1,$45.00,https://foreignfortune.com/cdn/shop/products/4CA89C1E-EDE3-4C58-84B5-9ACD7AF80C5B_300x300.jpg?v=1632659753,['One Size Fits All'],"['White/Black', 'Black/White']",[],"['https://foreignfortune.com/cdn/shop/products/4CA89C1E-EDE3-4C58-84B5-9ACD7AF80C5B_110x110@2x.jpg?v=1632659753', 'https://foreignfortune.com/cdn/shop/products/C1387876-CB3D-4FDB-A37E-517D5D402BE6_110x110@2x.jpg?v=1632659756', 'https://foreignfortune.com/cdn/shop/products/2A78552B-2AD0-4F7F-BE94-049305231720_110x110@2x.jpg?v=1632659756']"
foreign-trench-coats,Foreign Trench Coats,Knee length Foreign Fortune trench coats,Men/Unisex,https://foreignfortune.com//collections/men-unisex/products/foreign-trench-coats,$300.00,https://foreignfortune.com/cdn/shop/products/FE31ACC7-6B8C-424E-B7CD-C2051BEDC3B8_300x300.jpg?v=1632618928,"['S', 'M', 'L', 'XL', '2X', '3X', '4X']","['Blue/Pink', 'Grey/Blue', 'Black/White', 'Orange/Burgundy']",[],"['https://foreignfortune.com/cdn/shop/products/FE31ACC7-6B8C-424E-B7CD-C2051BEDC3B8_110x110@2x.jpg?v=1632618928', 'https://foreignfortune.com/cdn/shop/products/202A3A4C-FBF2-4EE1-AFCD-0C4AFBDBFB77_110x110@2x.jpg?v=1632618942', 'https://foreignfortune.com/cdn/shop/products/DF28A061-E3BD-4C6E-B0B7-6ECB50D7E8CA_110x110@2x.jpg?v=1632618942', 'https://foreignfortune.com/cdn/shop/products/4E586A13-AAE1-44D2-BD00-A63E3071700F_110x110@2x.jpg?v=1632618942', 'https://foreignfortune.com/cdn/shop/products/D32FDA62-ABCB-4CC6-8741-78A0F5C1CC0D_110x110@2x.jpg?v=1632618942', 'https://foreignfortune.com/cdn/shop/products/ED9D4090-6208-464A-80E7-54A0188BDA0A_110x110@2x.jpg?v=1632618942', 'https://foreignfortune.com/cdn/shop/products/957072A2-61C4-4A06-8930-20A1A6585197_110x110@2x.jpg?v=1632618942', 'https://foreignfortune.com/cdn/shop/products/DF05D0DC-AF67-473A-A2AA-29032B5C424D_110x110@2x.jpg?v=1632618942', 'https://foreignfortune.com/cdn/shop/products/3240A968-C89E-4B57-9DBE-BC0C2F78D141_110x110@2x.jpg?v=1632618942', 'https://foreignfortune.com/cdn/shop/products/A9CF7D30-AF41-476D-B0DA-9C2ACEFB46B3_110x110@2x.jpg?v=1632618942', 'https://foreignfortune.com/cdn/shop/products/C474EE30-2FF2-48F3-B1C0-CA97BB63B3C1_110x110@2x.jpg?v=1632618942', 'https://foreignfortune.com/cdn/shop/products/D13975D0-B9E8-482C-B953-911DB03F105D_110x110@2x.jpg?v=1632618931', 'https://foreignfortune.com/cdn/shop/products/9EBF4D99-4F5B-4BB9-B63E-D1EBFEDBE44F_110x110@2x.jpg?v=1632618931', 'https://foreignfortune.com/cdn/shop/products/AB2AE98D-AEC3-4328-88A7-0553826A975C_110x110@2x.jpg?v=1632618931']"
foreign-fortune-tees,Foreign Fortune Signature Logo Tees,Unisex Foreign Fortune Tees,Men/Unisex,https://foreignfortune.com//collections/men-unisex/products/foreign-fortune-tees,$65.00,https://foreignfortune.com/cdn/shop/products/627FA8ED-1E73-4DC3-9B95-378E4A594EEC_300x300.jpg?v=1583372368,"['XS', 'S', 'M', 'L', 'XL', '2X', '3X']","['White/Green', 'White/Red', 'White/Pink', 'White/Blue', 'White/Black', 'Black/Yellow', 'Black/Red']",[],"['https://foreignfortune.com/cdn/shop/products/627FA8ED-1E73-4DC3-9B95-378E4A594EEC_110x110@2x.jpg?v=1583372368', 'https://foreignfortune.com/cdn/shop/products/03CD657A-0019-4AB8-87EF-9614E6809AAC_110x110@2x.jpg?v=1583372368', 'https://foreignfortune.com/cdn/shop/products/5CBA2510-BB85-4AEE-9695-2EB05C32AF8B_110x110@2x.jpg?v=1583372143', 'https://foreignfortune.com/cdn/shop/products/DF2EE7D1-68CA-4042-B245-8DA27293ADCE_110x110@2x.jpg?v=1583372143', 'https://foreignfortune.com/cdn/shop/products/6231E53B-CFEF-496E-BDFB-5699B28D4767_110x110@2x.jpg?v=1583372143', 'https://foreignfortune.com/cdn/shop/products/D498C3F0-B1DA-40F6-8F5A-CD9C7C671C57_110x110@2x.jpg?v=1583372143', 'https://foreignfortune.com/cdn/shop/products/62810CFB-F929-4E20-884F-4D9EDA52917C_110x110@2x.jpg?v=1583372143']"
it-don-t-stop-foreign-fortune-tees,It Don’t Stop Foreign Fortune Tees,“It Don’t Stop” Foreign Fortune Unisex Tees,Men/Unisex,https://foreignfortune.com//collections/men-unisex/products/it-don-t-stop-foreign-fortune-tees,$25.00,https://foreignfortune.com/cdn/shop/products/63BEECD1-0192-4C08-8C72-A5AFDB5BFBC8_300x300.jpg?v=1583372574,"['XS', 'S', 'M', 'L', 'XL', '2X', '3X']","['White/Black', 'Black/White']",[],"['https://foreignfortune.com/cdn/shop/products/63BEECD1-0192-4C08-8C72-A5AFDB5BFBC8_110x110@2x.jpg?v=1583372574', 'https://foreignfortune.com/cdn/shop/products/E466E017-01C8-49E4-B445-53FDEFE219A7_110x110@2x.jpg?v=1583372574']"
foreign-fortune-collection-joggers,Foreign Fortune Collection Joggers- Kid,"Our Foreign Fortune Collection Joggers are great for men women and kids. They are versatile, comfortable and come in 5 colors. Great for all seasons.",Infant/Kid,https://foreignfortune.com//collections/kids/products/foreign-fortune-collection-joggers,$90.00,https://foreignfortune.com/cdn/shop/products/BAA8A007-CA0B-44BB-8A2E-2C803E53BA21_300x300.jpg?v=1652976476,"['1/2T', '3/4T', '5/6', '7/8', '9/10', '11/12']","['Black', 'Grey', 'Tan', 'Cream', 'Green', 'Red', 'Yellow']",[],"['https://foreignfortune.com/cdn/shop/products/BAA8A007-CA0B-44BB-8A2E-2C803E53BA21_110x110@2x.jpg?v=1652976476', 'https://foreignfortune.com/cdn/shop/products/459988CD-1E62-4B24-8431-2A137C058F19_110x110@2x.jpg?v=1652976476', 'https://foreignfortune.com/cdn/shop/products/9232F8EC-8354-4C8D-A844-3888113439DA_110x110@2x.jpg?v=1652976471', 'https://foreignfortune.com/cdn/shop/products/3883E26B-CE84-43A2-B0E7-B498EF0BD159_110x110@2x.jpg?v=1652976471', 'https://foreignfortune.com/cdn/shop/products/34694437-3D70-45FE-9B08-81BBBFBDD9BF_110x110@2x.jpg?v=1652976471', 'https://foreignfortune.com/cdn/shop/products/8AF2558E-951F-4A2D-B0F6-B867688F676A_110x110@2x.jpg?v=1652976471', 'https://foreignfortune.com/cdn/shop/products/903B8111-AB43-45D2-B295-F36C77D50309_110x110@2x.jpg?v=1647612865']"
ff-coats-w-hats,FF Coats,Our Signature FF coats are great for the winter and going into the spring season. They come in four colors and stop at mid hip length. They are versatile and unisex as well. Top off your coat with the matching hat as well.,Coats/Hats,https://foreignfortune.com//collections/coats-hats/products/ff-coats-w-hats,$200.00,https://foreignfortune.com/cdn/shop/products/8B029E09-687B-465B-9024-FA113414F524_300x300.jpg?v=1641906674,"['XS', 'M', 'L', 'XL', '2X', '3X']","['Black', 'Red', 'Cream', 'Blue']",[],"['https://foreignfortune.com/cdn/shop/products/8B029E09-687B-465B-9024-FA113414F524_110x110@2x.jpg?v=1641906674', 'https://foreignfortune.com/cdn/shop/products/F69DACED-A7E2-4EAC-8CCD-DD7E31B58FAA_110x110@2x.jpg?v=1641906674', 'https://foreignfortune.com/cdn/shop/products/527382A2-D73B-4ABA-9695-FD1EC7DC793F_110x110@2x.jpg?v=1641906674', 'https://foreignfortune.com/cdn/shop/products/1CB6F8C3-EA8C-41DB-BA0D-25D13837F0EF_110x110@2x.jpg?v=1641906674', 'https://foreignfortune.com/cdn/shop/products/42F1D6CF-8177-449E-AF94-41616CDF47D2_110x110@2x.jpg?v=1641906674']"
ff-hats,FF Hats,"Our Signature FF Hats are a great addition to wear with our coats. They are warm, lightweight and come in different colors.",Coats/Hats,https://foreignfortune.com//collections/coats-hats/products/ff-hats,$85.00,https://foreignfortune.com/cdn/shop/products/5A730474-1583-4C4B-AB2F-59DED5E5D44E_300x300.jpg?v=1641907285,[],"['Black', 'Red', 'Blue', 'Tan']",[],"['https://foreignfortune.com/cdn/shop/products/5A730474-1583-4C4B-AB2F-59DED5E5D44E_110x110@2x.jpg?v=1641907285', 'https://foreignfortune.com/cdn/shop/products/5922E454-9D8C-4A69-A8DA-626488D4CFE1_110x110@2x.jpg?v=1641907285', 'https://foreignfortune.com/cdn/shop/products/EACA6E7B-ED01-4DAC-B001-E8330E08CAA1_110x110@2x.jpg?v=1641907284', 'https://foreignfortune.com/cdn/shop/products/3CFB8682-1680-40A0-A2E9-7BF53D45B620_110x110@2x.jpg?v=1641907284']"
foreign-fortune-bucket-hats,Foreign Fortune Bucket Hats,Reversible Foreign Fortune Bucket hats. One size fits all.,Coats/Hats,https://foreignfortune.com//collections/coats-hats/products/foreign-fortune-bucket-hats,$100.00,https://foreignfortune.com/cdn/shop/products/C0499FED-ADC5-4150-8A3A-463C0F632928_300x300.jpg?v=1632659687,[],"['Red', 'Pink', 'Blue', 'Black', 'Yellow']",[],"['https://foreignfortune.com/cdn/shop/products/C0499FED-ADC5-4150-8A3A-463C0F632928_110x110@2x.jpg?v=1632659687', 'https://foreignfortune.com/cdn/shop/products/A8F5CC2E-E993-483A-99F3-10472DAA3E33_110x110@2x.jpg?v=1632659691', 'https://foreignfortune.com/cdn/shop/products/62614B52-0B3B-466A-9326-9C558B72466E_110x110@2x.jpg?v=1632659691', 'https://foreignfortune.com/cdn/shop/products/80BA9D73-2DE5-4626-A367-68390CA7F64F_110x110@2x.jpg?v=1632659691', 'https://foreignfortune.com/cdn/shop/products/70BBA1B8-B816-4030-A18D-E60B0B780ECA_110x110@2x.jpg?v=1632659691', 'https://foreignfortune.com/cdn/shop/products/8CEC9441-F271-4639-82F0-6BADFBE41E1B_110x110@2x.jpg?v=1632659691', 'https://foreignfortune.com/cdn/shop/products/9A07774E-84BE-4876-8445-9E7E45E420FE_110x110@2x.jpg?v=1632659691', 'https://foreignfortune.com/cdn/shop/products/F67E7791-27AE-462C-9726-21999ECD50D5_110x110@2x.jpg?v=1632659691', 'https://foreignfortune.com/cdn/shop/products/09C6E55E-1045-4FCC-9759-15CC7315E69D_110x110@2x.jpg?v=1632659691', 'https://foreignfortune.com/cdn/shop/products/2AF86B17-CD40-4A47-817C-973ACDF293E0_110x110@2x.jpg?v=1632659691', 'https://foreignfortune.com/cdn/shop/products/AF285285-FEF5-4061-88CB-BAE781EA6DA2_110x110@2x.jpg?v=1632659691', 'https://foreignfortune.com/cdn/shop/products/98E05A14-AE89-48B2-8837-F88691F17732_110x110@2x.jpg?v=1632659691']"
foreign-hats,Foreign Fortune Dab Hats,Our dab hats come in a variety of colors with an adjustable clamp on back to loosen or tighten according to your head size and shape.,Coats/Hats,https://foreignfortune.com//collections/coats-hats/products/foreign-hats,$65.00,https://foreignfortune.com/cdn/shop/products/9A7BB29F-76B0-47E0-9846-B49455D3748A_300x300.jpg?v=1632659634,[],"['BLACK', 'BLUE', 'Cream', 'Red']",[],"['https://foreignfortune.com/cdn/shop/products/9A7BB29F-76B0-47E0-9846-B49455D3748A_110x110@2x.jpg?v=1632659634', 'https://foreignfortune.com/cdn/shop/products/AC13C8EA-611D-4129-B530-03A888DD9BD9_110x110@2x.jpg?v=1632659643', 'https://foreignfortune.com/cdn/shop/products/AEDA7CEE-4E69-4317-B7BA-26528B55DE73_110x110@2x.jpg?v=1632659643', 'https://foreignfortune.com/cdn/shop/products/B262B907-7334-48B3-9109-FBCE7D685311_110x110@2x.jpg?v=1632659640', 'https://foreignfortune.com/cdn/shop/products/8CB4AE3C-734A-48AF-873D-C771232A4A12_110x110@2x.jpg?v=1632659640', 'https://foreignfortune.com/cdn/shop/products/04A676A3-BB89-4877-8C50-8DF68391138F_110x110@2x.jpg?v=1632659640', 'https://foreignfortune.com/cdn/shop/products/51085B46-A73E-41B6-874C-897DA89E8999_110x110@2x.jpg?v=1632659640', 'https://foreignfortune.com/cdn/shop/products/13CB48A4-75AA-4322-9B7B-2A27C8AEA644_110x110@2x.jpg?v=1632659640', 'https://foreignfortune.com/cdn/shop/products/DD10DE74-1020-40EF-9C8A-E7622A6EA55A_110x110@2x.jpg?v=1632659640', 'https://foreignfortune.com/cdn/shop/products/132BA637-409A-450E-90D3-7447964990C4_110x110@2x.jpg?v=1632659640', 'https://foreignfortune.com/cdn/shop/products/A3CCF0FA-A250-472D-90D1-F40A3D78D3FF_110x110@2x.jpg?v=1632659640']"
foreign-fortune-collection-joggers,Foreign Fortune Collection Joggers- Kid,"Our Foreign Fortune Collection Joggers are great for men women and kids. They are versatile, comfortable and come in 5 colors. Great for all seasons.",Jogging/TrackSuits,https://foreignfortune.com//collections/small-logo-embroidery-t-shirts-1/products/foreign-fortune-collection-joggers,$90.00,https://foreignfortune.com/cdn/shop/products/BAA8A007-CA0B-44BB-8A2E-2C803E53BA21_300x300.jpg?v=1652976476,"['1/2T', '3/4T', '5/6', '7/8', '9/10', '11/12']","['Black', 'Grey', 'Tan', 'Cream', 'Green', 'Red', 'Yellow']",[],"['https://foreignfortune.com/cdn/shop/products/BAA8A007-CA0B-44BB-8A2E-2C803E53BA21_110x110@2x.jpg?v=1652976476', 'https://foreignfortune.com/cdn/shop/products/459988CD-1E62-4B24-8431-2A137C058F19_110x110@2x.jpg?v=1652976476', 'https://foreignfortune.com/cdn/shop/products/9232F8EC-8354-4C8D-A844-3888113439DA_110x110@2x.jpg?v=1652976471', 'https://foreignfortune.com/cdn/shop/products/3883E26B-CE84-43A2-B0E7-B498EF0BD159_110x110@2x.jpg?v=1652976471', 'https://foreignfortune.com/cdn/shop/products/34694437-3D70-45FE-9B08-81BBBFBDD9BF_110x110@2x.jpg?v=1652976471', 'https://foreignfortune.com/cdn/shop/products/8AF2558E-951F-4A2D-B0F6-B867688F676A_110x110@2x.jpg?v=1652976471', 'https://foreignfortune.com/cdn/shop/products/903B8111-AB43-45D2-B295-F36C77D50309_110x110@2x.jpg?v=1647612865']"
foreign-fortune-collection-joggers-1,Foreign Fortune Collection Joggers- Adult,Our Foreign Fortune Collection Joggers are great for the entire family. Very comfortable and versatile. They come in 5 different colors and can be worn during any season.,Jogging/TrackSuits,https://foreignfortune.com//collections/small-logo-embroidery-t-shirts-1/products/foreign-fortune-collection-joggers-1,$180.00,https://foreignfortune.com/cdn/shop/products/D30946DA-5D18-48D6-9890-63DC5DB36F77_300x300.jpg?v=1647614117,"['XS', 'M', 'L', 'XL', '2X', '3X', '4X', '5X']","['Black', 'Green', 'Grey', 'Navy Blue', 'Red', 'Yellow']","['Hood', 'Crewneck']","['https://foreignfortune.com/cdn/shop/products/D30946DA-5D18-48D6-9890-63DC5DB36F77_110x110@2x.jpg?v=1647614117', 'https://foreignfortune.com/cdn/shop/products/3EE2E126-721C-4DDE-A1EB-E3B355F2B674_110x110@2x.jpg?v=1647614117', 'https://foreignfortune.com/cdn/shop/products/C8134772-8681-4EF4-810A-970DCBD13F28_110x110@2x.jpg?v=1647614117', 'https://foreignfortune.com/cdn/shop/products/827B72E9-79B6-4401-AE76-29F3AFDA483F_110x110@2x.jpg?v=1647614117', 'https://foreignfortune.com/cdn/shop/products/DD1E038F-07C5-410A-A846-A50187C8929E_110x110@2x.jpg?v=1647614114', 'https://foreignfortune.com/cdn/shop/products/F2960363-A13C-427B-9E1C-9E5D79EC15D1_110x110@2x.jpg?v=1647609938']"
foreign-fortune-pins,Foreign Fortune Pins,"Our signature pins are a great addition to hats, shirt, bags, and more! Choose from 8 different styles!",FOREIGN ACCESSORIES,https://foreignfortune.com//collections/foreign-accesories/products/foreign-fortune-pins,$10.00,https://foreignfortune.com/cdn/shop/products/77F4F345-0A7F-44E6-9441-474E42A542C6_300x300.jpg?v=1635164395,[],[],"['Gold', 'Color']","['https://foreignfortune.com/cdn/shop/products/77F4F345-0A7F-44E6-9441-474E42A542C6_110x110@2x.jpg?v=1635164395', 'https://foreignfortune.com/cdn/shop/products/D689FE12-6305-4899-BD9C-066B4D02474B_110x110@2x.jpg?v=1635164395', 'https://foreignfortune.com/cdn/shop/products/912D2E88-D2B0-440A-91A0-292680D2CF9A_110x110@2x.jpg?v=1635164396', 'https://foreignfortune.com/cdn/shop/products/C82EA266-BC31-44CE-A50E-2879A5198666_110x110@2x.jpg?v=1635164396', 'https://foreignfortune.com/cdn/shop/products/DBA7EF40-D325-4E86-AAFF-A8A0422CA47E_110x110@2x.jpg?v=1635164395', 'https://foreignfortune.com/cdn/shop/products/8D33B52A-DD1C-41C6-A080-1B74ED7065EB_110x110@2x.jpg?v=1635164396', 'https://foreignfortune.com/cdn/shop/products/66132C0E-8407-4CCB-A0F5-A59B822FA202_110x110@2x.jpg?v=1635164395', 'https://foreignfortune.com/cdn/shop/products/18C4AFD0-4B0F-4020-8B92-9EACE3886C8B_110x110@2x.jpg?v=1635164395', 'https://foreignfortune.com/cdn/shop/products/4C47C512-348A-4249-B335-26FF3EE08B99_110x110@2x.jpg?v=1635164396']"
foreign-fortune-shades,Foreign Fortune Shades,Our sunglasses are great for all occasions! We have two sizes with our logo plated on the side.,FOREIGN ACCESSORIES,https://foreignfortune.com//collections/foreign-accesories/products/foreign-fortune-shades,$200.00,https://foreignfortune.com/cdn/shop/products/180C79F0-BFD4-4DD6-B83E-E273562C497E_300x300.jpg?v=1676594872,"['Small', 'Large']",[],[],"['https://foreignfortune.com/cdn/shop/products/180C79F0-BFD4-4DD6-B83E-E273562C497E_110x110@2x.jpg?v=1676594872', 'https://foreignfortune.com/cdn/shop/products/B476AF66-D357-4790-92C9-6C1247AF30F0_110x110@2x.jpg?v=1676594872', 'https://foreignfortune.com/cdn/shop/products/8D93107C-947E-4E93-85D4-4A27D4A71941_110x110@2x.jpg?v=1676594872', 'https://foreignfortune.com/cdn/shop/products/813D0917-4ED8-40F7-ACFD-CD72B45BE696_110x110@2x.jpg?v=1676594872']"
foreign-pattern-logo-socks,Foreign All Over Socks,Cotton knee length socks with our signature logo all over,FOREIGN ACCESSORIES,https://foreignfortune.com//collections/foreign-accesories/products/foreign-pattern-logo-socks,$40.00,https://foreignfortune.com/cdn/shop/products/F037B982-936D-4B31-A152-636558A08796_300x300.jpg?v=1632659586,['One Size Fits All'],"['White/Grey', 'White/Pink', 'White/Black', 'White/Orange', 'White/Purple', 'White/Yellow', 'White/Red']",[],"['https://foreignfortune.com/cdn/shop/products/F037B982-936D-4B31-A152-636558A08796_110x110@2x.jpg?v=1632659586', 'https://foreignfortune.com/cdn/shop/products/CEE0393B-56BB-4831-8455-F748178AA4F2_110x110@2x.jpg?v=1632659602', 'https://foreignfortune.com/cdn/shop/products/30742EF2-59E4-4644-911B-B51918A29464_110x110@2x.jpg?v=1632659602', 'https://foreignfortune.com/cdn/shop/products/4A60575B-EFAF-4453-9B45-10C39219F2D4_110x110@2x.jpg?v=1632659592', 'https://foreignfortune.com/cdn/shop/products/947992F8-54CA-438D-87ED-C946EFDFBC03_110x110@2x.jpg?v=1632659592', 'https://foreignfortune.com/cdn/shop/products/F4BA465F-1E3C-4586-862D-19F9ED89A2B7_110x110@2x.jpg?v=1632659592', 'https://foreignfortune.com/cdn/shop/products/3EF15442-C063-446C-BE9B-E0BBF9188ADE_110x110@2x.jpg?v=1632659592', 'https://foreignfortune.com/cdn/shop/products/00B23709-0A20-480F-9E58-F9283EAE2263_110x110@2x.jpg?v=1632659592']"
foreign-fortune-socks-1,Foreign Fortune Socks,Cotton mid length socks with our signature logo,FOREIGN ACCESSORIES,https://foreignfortune.com//collections/foreign-accesories/products/foreign-fortune-socks-1,$45.00,https://foreignfortune.com/cdn/shop/products/4CA89C1E-EDE3-4C58-84B5-9ACD7AF80C5B_300x300.jpg?v=1632659753,['One Size Fits All'],"['White/Black', 'Black/White']",[],"['https://foreignfortune.com/cdn/shop/products/4CA89C1E-EDE3-4C58-84B5-9ACD7AF80C5B_110x110@2x.jpg?v=1632659753', 'https://foreignfortune.com/cdn/shop/products/C1387876-CB3D-4FDB-A37E-517D5D402BE6_110x110@2x.jpg?v=1632659756', 'https://foreignfortune.com/cdn/shop/products/2A78552B-2AD0-4F7F-BE94-049305231720_110x110@2x.jpg?v=1632659756']"
foreign-fortune-bucket-hats,Foreign Fortune Bucket Hats,Reversible Foreign Fortune Bucket hats. One size fits all.,FOREIGN ACCESSORIES,https://foreignfortune.com//collections/foreign-accesories/products/foreign-fortune-bucket-hats,$100.00,https://foreignfortune.com/cdn/shop/products/C0499FED-ADC5-4150-8A3A-463C0F632928_300x300.jpg?v=1632659687,[],"['Red', 'Pink', 'Blue', 'Black', 'Yellow']",[],"['https://foreignfortune.com/cdn/shop/products/C0499FED-ADC5-4150-8A3A-463C0F632928_110x110@2x.jpg?v=1632659687', 'https://foreignfortune.com/cdn/shop/products/A8F5CC2E-E993-483A-99F3-10472DAA3E33_110x110@2x.jpg?v=1632659691', 'https://foreignfortune.com/cdn/shop/products/62614B52-0B3B-466A-9326-9C558B72466E_110x110@2x.jpg?v=1632659691', 'https://foreignfortune.com/cdn/shop/products/80BA9D73-2DE5-4626-A367-68390CA7F64F_110x110@2x.jpg?v=1632659691', 'https://foreignfortune.com/cdn/shop/products/70BBA1B8-B816-4030-A18D-E60B0B780ECA_110x110@2x.jpg?v=1632659691', 'https://foreignfortune.com/cdn/shop/products/8CEC9441-F271-4639-82F0-6BADFBE41E1B_110x110@2x.jpg?v=1632659691', 'https://foreignfortune.com/cdn/shop/products/9A07774E-84BE-4876-8445-9E7E45E420FE_110x110@2x.jpg?v=1632659691', 'https://foreignfortune.com/cdn/shop/products/F67E7791-27AE-462C-9726-21999ECD50D5_110x110@2x.jpg?v=1632659691', 'https://foreignfortune.com/cdn/shop/products/09C6E55E-1045-4FCC-9759-15CC7315E69D_110x110@2x.jpg?v=1632659691', 'https://foreignfortune.com/cdn/shop/products/2AF86B17-CD40-4A47-817C-973ACDF293E0_110x110@2x.jpg?v=1632659691', 'https://foreignfortune.com/cdn/shop/products/AF285285-FEF5-4061-88CB-BAE781EA6DA2_110x110@2x.jpg?v=1632659691', 'https://foreignfortune.com/cdn/shop/products/98E05A14-AE89-48B2-8837-F88691F17732_110x110@2x.jpg?v=1632659691']"
